from_domain,body_word_count,subject_word_count,longest_sentence_length,has_quoted_reply,has_email_closing,link_count,has_unsubscribe,capital_letter_count,capital_letter_ratio,subject_caps_ratio,punctuation_count,punctuation_ratio,question_mark_count,number_count,number_ratio,finance_symbol_count,emoji_count,emoji_ratio,has_important,feedback_words,day_of_week,time_of_day,letter_count,whitespace_ratio,label
notice.aliexpress.com,5744,5,304,True,False,40,True,1492,0.0583,0.1786,8987,0.1805,30,3243,0.1269,14,0,0.0,True,False,Wednesday,Afternoon,25580,0.4702,Good
zencoder.ai,3732,8,234,True,False,19,True,3508,0.1617,0.0784,5062,0.1553,11,3459,0.1599,0,8,0.0002,True,True,Tuesday,Afternoon,21690,0.1114,Good
ses.binance.com,3832,14,149,True,False,24,False,535,0.0326,0.303,5622,0.2123,1,1791,0.1093,0,0,0.0,True,False,Monday,Morning,16417,0.1639,Good
github.com,181,9,39,True,True,5,False,26,0.0319,0.0536,166,0.1502,0,10,0.0132,0,0,0.0,False,False,Tuesday,Night,814,0.2256,Good
linkedin.com,17358,10,393,True,False,72,True,7453,0.0907,0.1186,24305,0.1691,55,8825,0.1075,2,4,0.0,True,True,Saturday,Afternoon,82190,0.345,Good
em.probroexpress.lt,5951,5,519,True,False,22,True,2623,0.0953,0.0,8717,0.2051,5,4545,0.1652,0,2,0.0,True,False,Monday,Morning,27537,0.062,Good
linkedin.com,17025,7,405,True,False,73,True,7803,0.095,0.1364,24236,0.1681,57,9315,0.1135,2,4,0.0,True,True,Saturday,Morning,82127,0.3456,Good
linkedin.com,17585,9,393,True,False,73,True,7711,0.0921,0.1395,24596,0.169,56,8651,0.1033,4,7,0.0,True,True,Thursday,Morning,83756,0.3389,Good
linkedin.com,4665,5,390,True,False,38,True,2858,0.1096,0.0476,6312,0.1694,27,2426,0.0931,0,4,0.0001,True,True,Thursday,Afternoon,26081,0.0883,Good
linkedin.com,5199,7,399,True,True,28,True,1129,0.0473,0.0312,6438,0.1826,19,2009,0.0843,0,4,0.0001,True,True,Wednesday,Evening,23871,0.1168,Good
linkedin.com,10727,9,402,True,False,42,True,3674,0.0727,0.1803,15181,0.157,29,5750,0.1139,2,4,0.0,True,True,Sunday,Morning,50551,0.4968,Good
linkedin.com,18021,10,404,True,False,79,True,8957,0.1019,0.069,25017,0.1361,65,10385,0.1183,4,6,0.0,True,True,Saturday,Morning,87877,0.6879,Good
ld.lt,732,7,58,True,True,14,False,180,0.0481,0.0167,703,0.137,2,120,0.0326,0,0,0.0,False,False,Monday,Afternoon,3746,0.1636,Good
linkedin.com,13002,11,402,True,True,50,True,4990,0.0815,0.0921,18383,0.1628,41,7081,0.1158,2,2,0.0,True,True,Tuesday,Morning,61234,0.4269,Good
mail.accounts.riotgames.com,12747,6,1168,True,False,73,False,14834,0.1823,0.1351,15568,0.136,30,10331,0.127,0,2,0.0,True,False,Saturday,Afternoon,81369,0.0885,Good
e.linkedin.com,2539,6,232,True,False,17,True,1950,0.1393,0.0345,3942,0.1364,13,1249,0.0894,0,0,0.0,True,False,Wednesday,Evening,14003,0.696,Good
e.linkedin.com,5418,7,637,True,True,21,True,1603,0.0674,0.0312,8563,0.1744,13,3576,0.1506,0,0,0.0,True,False,Wednesday,Evening,23772,0.5574,Good
k8slens.dev,1173,8,83,True,True,7,True,93,0.018,0.1818,1370,0.1276,1,378,0.0737,0,0,0.0,True,True,Monday,Evening,5161,0.7514,Good
lfx.linuxfoundation.org,4927,10,307,True,False,18,False,803,0.0334,0.2698,6667,0.151,1,1532,0.064,0,2,0.0,True,True,Monday,Morning,24016,0.5011,Good
linkedin.com,17036,10,397,True,False,87,True,10720,0.1225,0.2041,24350,0.1633,77,9784,0.1119,6,4,0.0,True,True,Sunday,Evening,87479,0.3133,Good
jetbrains.com,204,8,43,True,True,3,False,84,0.087,0.0545,175,0.1292,1,100,0.1099,0,0,0.0,False,False,Monday,Evening,965,0.1846,Good
ses.binance.com,3771,14,149,True,False,24,False,508,0.0313,0.303,5559,0.2129,1,1708,0.1054,0,0,0.0,True,False,Saturday,Afternoon,16235,0.1634,Good
linkedin.com,15490,8,404,True,False,67,True,7665,0.1015,0.2586,21340,0.1293,54,8792,0.1165,2,4,0.0,True,True,Saturday,Morning,75535,0.785,Good
linkedin.com,17349,14,393,True,False,69,True,7457,0.0908,0.066,24294,0.1695,54,8635,0.1053,2,2,0.0,True,True,Friday,Morning,82083,0.3444,Good
linkedin.com,3521,7,265,True,False,21,True,977,0.0572,0.16,4367,0.1744,15,1397,0.082,0,4,0.0002,True,False,Monday,Evening,17081,0.1223,Good
github.com,5480,8,95,True,False,14,False,2128,0.0794,0.0833,6604,0.1739,0,771,0.0288,0,0,0.0,True,False,Wednesday,Night,26813,0.1425,Good
linkedin.com,16003,9,396,True,False,78,True,9583,0.1172,0.1,22870,0.1621,71,9337,0.1142,0,2,0.0,True,True,Sunday,Evening,81797,0.3302,Good
mail.nintendo-europe.com,4277,9,336,True,False,23,False,392,0.0194,0.1064,5721,0.1491,12,2527,0.125,0,2,0.0001,True,True,Sunday,Morning,20258,0.4896,Good
notice.aliexpress.com,7796,6,301,True,False,57,False,1614,0.0458,0.0294,12750,0.1766,41,4565,0.1297,26,0,0.0,True,False,Thursday,Night,35224,0.559,Good
relay.vinted.com,622,5,128,True,False,12,False,46,0.0191,0.2727,887,0.1461,1,238,0.1003,0,0,0.0,False,False,Saturday,Morning,2406,1.0826,Good
linkedin.com,16914,8,402,True,False,74,True,8666,0.1047,0.0769,23492,0.1337,58,9341,0.1129,2,4,0.0,True,True,Thursday,Morning,82776,0.7253,Good
linkedin.com,17871,15,393,True,False,70,True,7795,0.093,0.1707,24938,0.1707,55,8750,0.1044,6,4,0.0,True,True,Friday,Morning,83856,0.3401,Good
linkedin.com,11426,12,402,True,False,43,True,4402,0.0816,0.0854,16126,0.1588,35,5986,0.1111,4,2,0.0,True,True,Friday,Morning,53958,0.4711,Good
omniva.lt,377,10,28,True,False,9,False,143,0.0749,0.1455,319,0.1281,4,47,0.0253,0,0,0.0,True,False,Tuesday,Afternoon,1910,0.1439,Good
linkedin.com,10492,10,343,True,False,38,True,3693,0.0755,0.0909,14764,0.1566,29,5485,0.1123,2,4,0.0,True,True,Friday,Afternoon,48927,0.5116,Good
ses.binance.com,4022,10,270,True,False,25,False,514,0.0298,0.2727,5933,0.213,2,1880,0.1091,0,0,0.0,True,False,Monday,Morning,17254,0.1634,Good
linkedin.com,11392,16,393,True,False,46,True,4464,0.0822,0.0847,16171,0.1584,34,6206,0.1144,2,4,0.0,True,True,Wednesday,Morning,54323,0.4661,Good
linkedin.com,17370,9,393,True,False,72,True,7858,0.0949,0.1395,24270,0.1688,57,8477,0.1025,2,4,0.0,True,True,Saturday,Morning,82769,0.3403,Good
identity.oci.oraclecloud.com,2757,7,145,True,False,9,False,310,0.0257,0.0238,4321,0.2167,1,809,0.0672,0,0,0.0,True,True,Monday,Morning,12076,0.2303,Good
steampowered.com,2781,13,136,True,True,23,True,616,0.0487,0.125,3762,0.1235,7,1280,0.1016,2,3,0.0001,True,True,Monday,Afternoon,12660,1.0158,Good
linkedin.com,10447,10,402,True,False,41,True,3670,0.0741,0.1077,14757,0.1556,29,5474,0.1106,2,4,0.0,True,True,Sunday,Morning,49560,0.5034,Good
invoiceocean.com,80,4,22,True,True,2,False,51,0.1496,0.1667,87,0.1545,0,83,0.2618,0,0,0.0,False,False,Tuesday,Evening,341,0.2397,Good
notice.aliexpress.com,7796,6,301,True,False,57,False,1614,0.046,0.0294,12750,0.1766,41,4703,0.1342,26,0,0.0,True,False,Sunday,Night,35086,0.5612,Good
linkedin.com,10654,7,396,True,False,42,True,3749,0.0746,0.1,15055,0.1566,29,5595,0.1114,2,4,0.0,True,True,Wednesday,Morning,50283,0.4991,Good
compensalife.lt,544,10,77,True,False,12,True,95,0.0365,0.0602,720,0.1837,2,178,0.0707,0,0,0.0,False,False,Wednesday,Morning,2602,0.1973,Good
github.com,4389,7,204,True,False,92,True,18139,0.3866,0.075,5150,0.0772,45,8163,0.1741,0,2,0.0,True,False,Monday,Evening,46915,0.1375,Good
linkedin.com,10774,8,393,True,False,42,True,3862,0.0757,0.0588,15236,0.1567,30,5563,0.1091,2,4,0.0,True,True,Monday,Morning,51035,0.4962,Good
legal.spotify.com,1844,6,73,True,True,27,False,780,0.0907,0.129,2235,0.1758,1,951,0.1109,0,0,0.0,True,True,Friday,Evening,8604,0.1102,Good
em.probroexpress.lt,7306,9,548,True,False,29,True,3035,0.0895,0.0333,10672,0.206,6,5123,0.1513,3,3,0.0001,True,True,Tuesday,Morning,33896,0.0626,Good
linkedin.com,3459,9,265,True,True,22,True,952,0.0568,0.1186,4323,0.1756,14,1380,0.0826,0,10,0.0004,True,False,Wednesday,Morning,16763,0.1218,Good
vinted.com,59,11,20,False,False,0,False,45,0.1351,0.1818,14,0.0363,0,14,0.0484,0,0,0.0,False,False,Friday,Morning,333,0.2388,Good
s.circlekextra.lt,4250,7,231,True,False,33,False,592,0.0321,0.2143,5567,0.1697,20,1793,0.0976,0,2,0.0001,True,False,Friday,Evening,18418,0.3848,Good
linkedin.com,7156,8,284,True,True,39,True,3907,0.1056,0.1304,8178,0.1554,42,3088,0.0835,1,28,0.0005,True,True,Tuesday,Night,37010,0.1111,Good
autobusubilietai.lt,616,4,118,True,False,11,False,276,0.0893,0.0323,806,0.1433,1,332,0.1085,0,0,0.0,True,False,Wednesday,Morning,3091,0.4667,Good
splitwise.com,1418,4,75,True,True,10,True,725,0.1007,0.1379,1349,0.1107,6,523,0.073,0,0,0.0,True,True,Sunday,Morning,7198,0.4367,Good
noriukortele.lt,244,4,43,True,True,4,False,31,0.0262,0.1351,350,0.1616,1,124,0.1081,0,0,0.0,False,False,Saturday,Afternoon,1184,0.4752,Good
email.apple.com,2658,14,252,True,True,16,False,346,0.0283,0.0755,3001,0.1405,0,827,0.0679,0,1,0.0,True,False,Sunday,Afternoon,12224,0.44,Good
em.probroexpress.lt,2741,4,475,True,False,13,True,1638,0.1256,0.0556,4175,0.1993,4,2801,0.2151,0,4,0.0002,True,False,Tuesday,Morning,13038,0.0724,Good
linkedin.com,18348,7,400,True,False,79,True,8232,0.0929,0.0444,26127,0.1697,62,10053,0.1135,2,7,0.0,True,True,Wednesday,Morning,88654,0.3268,Good
linkedin.com,17288,9,396,True,False,71,True,7747,0.0946,0.25,24154,0.1679,56,9073,0.1108,6,4,0.0,True,True,Tuesday,Afternoon,81934,0.3492,Good
linkedin.com,17646,10,393,True,False,73,True,7772,0.0926,0.1186,24658,0.1691,57,8718,0.1039,2,4,0.0,True,True,Saturday,Morning,83974,0.3376,Good
vinted.lt,1814,8,193,True,False,20,False,242,0.0304,0.0645,2660,0.2139,1,621,0.0783,0,0,0.0,True,True,Thursday,Morning,7963,0.1544,Good
anteja.lt,278,4,38,True,True,2,False,81,0.0633,0.8182,237,0.0936,0,132,0.104,0,0,0.0,False,False,Thursday,Morning,1280,0.7037,Good
google.com,7539,6,512,True,False,30,False,1823,0.0529,0.0909,8970,0.1683,8,2756,0.08,0,5,0.0001,True,False,Saturday,Morning,34463,0.1826,Good
notice.aliexpress.com,8776,6,307,True,False,64,False,1865,0.0474,0.0294,14266,0.1722,43,5498,0.1399,31,0,0.0,True,False,Friday,Morning,39339,0.6048,Good
linkedin.com,10735,10,393,True,False,42,True,3789,0.0744,0.0972,15191,0.1564,30,5605,0.1102,2,4,0.0,True,True,Thursday,Morning,50951,0.4969,Good
communication.microsoft.com,2256,6,135,True,True,23,False,792,0.0732,0.0455,2590,0.1608,22,858,0.0794,0,0,0.0,True,True,Thursday,Afternoon,10823,0.1723,Good
notice.aliexpress.com,7796,6,301,True,False,57,False,1614,0.046,0.0294,12750,0.1766,41,4726,0.1349,26,0,0.0,True,False,Sunday,Morning,35063,0.5616,Good
info.spark.lt,4486,5,84,True,False,19,False,892,0.0433,0.0606,6810,0.2069,12,2077,0.1011,0,7,0.0002,True,False,Tuesday,Morning,20581,0.1687,Good
firefox.com,2391,5,191,True,False,12,False,175,0.0169,0.0909,3616,0.189,10,637,0.0617,0,0,0.0,True,False,Friday,Morning,10350,0.4402,Good
linkedin.com,17050,9,396,True,False,87,True,10350,0.1186,0.1282,24424,0.1636,77,10160,0.1165,0,4,0.0,True,True,Tuesday,Evening,87250,0.3136,Good
trafi.com,1032,4,257,True,False,10,False,207,0.0531,0.0714,1598,0.1898,5,361,0.0933,5,0,0.0,True,False,Tuesday,Afternoon,3896,0.6686,Good
intl.paypal.com,3558,4,168,True,False,31,False,680,0.0451,0.0345,4794,0.1496,16,2375,0.1578,0,1,0.0,True,True,Sunday,Night,15077,0.6517,Good
linkedin.com,17323,8,396,True,False,71,True,7554,0.0918,0.225,24196,0.168,58,8849,0.1076,4,4,0.0,True,True,Saturday,Morning,82245,0.3475,Good
linkedin.com,17744,9,396,True,False,73,True,7555,0.0895,0.098,24798,0.1688,56,8700,0.1031,2,4,0.0,True,True,Thursday,Afternoon,84414,0.3424,Good
linkedin.com,17490,11,405,True,False,75,True,8410,0.0992,0.0833,24450,0.1359,57,10114,0.1194,2,4,0.0,True,True,Tuesday,Morning,84779,0.7133,Good
gmail.com,7,1,7,False,False,0,False,2,0.037,0.0,1,0.0196,0,0,0.0,0,0,0.0,False,False,Tuesday,Night,54,0.1628,Good
accounts.google.com,1108,6,91,True,False,11,False,245,0.052,0.037,1324,0.1872,9,522,0.1113,0,1,0.0001,True,True,Sunday,Afternoon,4716,0.1135,Good
organizations.oci.oraclecloud.com,1097,7,302,True,True,12,False,165,0.0345,0.1471,1346,0.1259,0,323,0.068,0,1,0.0001,False,True,Thursday,Evening,4786,0.899,Good
vinted.lt,1052,12,105,True,False,16,True,100,0.0222,0.1509,1576,0.2216,2,426,0.0956,0,0,0.0,True,True,Tuesday,Evening,4508,0.1466,Good
twitch.tv,1563,6,166,True,True,13,False,687,0.0888,0.1562,1708,0.1584,7,922,0.1197,0,1,0.0001,True,True,Saturday,Afternoon,7734,0.058,Good
linkedin.com,16657,11,407,True,False,73,True,8261,0.1019,0.1094,23057,0.1328,58,9531,0.1176,5,4,0.0,True,True,Friday,Morning,81096,0.7382,Good
vinted.lt,1808,8,193,True,False,20,False,242,0.0305,0.0645,2653,0.2142,1,600,0.0759,0,0,0.0,True,True,Thursday,Morning,7939,0.1549,Good
mail.morganstanleyatwork.com,1772,10,153,True,False,8,False,395,0.046,0.0227,1865,0.1342,3,619,0.0724,2,2,0.0001,True,False,Monday,Evening,8591,0.3354,Good
github.com,5480,8,95,True,False,14,False,2128,0.0794,0.0833,6604,0.1739,0,771,0.0288,0,0,0.0,True,False,Wednesday,Night,26813,0.1425,Good
vu.lt,9464,3,241,True,True,58,True,3799,0.0796,0.1613,14602,0.1171,4,4785,0.1003,0,2,0.0,True,False,Tuesday,Afternoon,47722,1.2081,Good
em.probroexpress.lt,6152,5,564,True,False,23,True,2654,0.0941,0.2941,9071,0.2064,5,4943,0.1755,0,3,0.0001,True,False,Sunday,Morning,28195,0.0627,Good
github.com,5646,8,95,True,False,16,False,2178,0.0789,0.0833,6785,0.1735,0,810,0.0294,0,0,0.0,True,False,Tuesday,Night,27608,0.1426,Good
github.com,363,12,53,True,False,11,True,255,0.1306,0.0566,458,0.1699,0,167,0.0879,0,0,0.0,False,True,Thursday,Morning,1952,0.09,Good
notice.aliexpress.com,9665,4,303,True,False,67,False,2440,0.0563,0.0526,15665,0.18,52,5342,0.1233,28,0,0.0,True,False,Sunday,Morning,43343,0.5241,Good
linkedin.com,16957,10,397,True,False,87,True,10183,0.1165,0.2041,24283,0.1629,77,9873,0.1131,2,4,0.0,True,True,Monday,Afternoon,87379,0.3135,Good
ses.binance.com,3774,14,149,True,False,24,False,491,0.0303,0.303,5561,0.2123,1,1831,0.1134,0,0,0.0,True,False,Saturday,Afternoon,16184,0.164,Good
linkedin.com,19001,12,406,True,False,83,True,8876,0.0965,0.1233,27086,0.17,67,11034,0.1201,2,4,0.0,True,True,Friday,Morning,91938,0.3177,Good
email.myfitnesspal.com,10288,3,91,True,False,201,True,11075,0.1706,0.1905,14934,0.1424,25,6550,0.1009,0,2,0.0,True,True,Sunday,Evening,64933,0.2846,Good
linkedin.com,12453,11,403,True,False,50,True,4607,0.0781,0.0769,17675,0.1615,34,6649,0.1128,2,4,0.0,True,True,Wednesday,Morning,59026,0.4411,Good
linkedin.com,4238,9,390,True,True,28,True,2123,0.0977,0.0392,5578,0.176,20,2092,0.0965,0,6,0.0002,True,False,Tuesday,Afternoon,21730,0.1,Good
gmail.com,12,0,12,False,False,0,True,2,0.0312,0.0,3,0.037,0,0,0.0,0,0,0.0,False,False,Tuesday,Morning,64,0.1875,Good
cloudinfo.oracle.com,581,7,39,True,True,9,True,142,0.0514,0.2069,427,0.1099,6,369,0.1349,0,0,0.0,False,True,Friday,Morning,2765,0.1294,Good
em.probroexpress.lt,2798,3,420,True,False,14,True,2239,0.1572,0.0,4276,0.1914,3,2886,0.2026,0,3,0.0001,True,False,Thursday,Morning,14245,0.0654,Good
email.apple.com,1861,4,147,True,False,15,False,148,0.0187,0.1,2470,0.2086,2,1055,0.1339,5,1,0.0001,True,False,Wednesday,Night,7901,0.053,Good
members.netflix.com,6022,9,663,True,False,66,True,2874,0.1073,0.1364,9003,0.2022,56,4768,0.1783,0,0,0.0,True,True,Tuesday,Evening,26783,0.1496,Good
vu.lt,11088,5,230,True,False,56,True,3752,0.0681,0.0526,17113,0.1221,3,5807,0.1055,0,0,0.0,True,False,Wednesday,Morning,55098,1.13,Good
vinted.com,664,4,81,True,False,4,False,286,0.0942,0.0476,596,0.1211,3,244,0.081,0,0,0.0,True,False,Monday,Afternoon,3035,0.3547,Good
linkedin.com,16971,9,396,True,False,87,True,10846,0.1238,0.1136,24329,0.1634,77,9456,0.108,0,4,0.0,True,True,Tuesday,Afternoon,87629,0.3126,Good
invoiceocean.com,80,4,22,True,True,2,False,69,0.1988,0.1667,87,0.1545,0,77,0.2384,0,0,0.0,False,False,Thursday,Afternoon,347,0.2353,Good
members.netflix.com,6011,7,663,True,False,66,True,2810,0.1049,0.1515,8994,0.2024,56,4703,0.1759,0,0,0.0,True,True,Sunday,Evening,26776,0.1493,Good
members.netflix.com,12248,9,700,True,False,106,True,5761,0.1032,0.0588,17609,0.1928,85,8362,0.1499,0,0,0.0,True,True,Wednesday,Morning,55835,0.1705,Good
cr.vu.lt,13022,7,314,True,True,74,True,3921,0.0614,0.0328,19990,0.1194,5,6507,0.102,0,0,0.0,True,True,Thursday,Afternoon,63870,1.2082,Good
linkedin.com,10452,14,406,True,False,38,True,3598,0.0734,0.1609,14682,0.156,29,5349,0.1093,2,2,0.0,True,True,Saturday,Morning,49022,0.5108,Good
vinted.com,684,4,81,True,False,13,False,150,0.0503,0.16,771,0.1541,3,201,0.0679,0,0,0.0,False,False,Monday,Morning,2985,0.3618,Good
linkedin.com,10249,14,392,True,False,37,True,3493,0.0729,0.0921,14406,0.1557,29,5263,0.11,6,2,0.0,True,True,Tuesday,Morning,47907,0.5193,Good
vu.lt,6887,7,292,True,True,33,True,1876,0.0545,0.0189,10074,0.1249,4,3006,0.0875,0,2,0.0,True,False,Friday,Afternoon,34411,0.9656,Good
myworkday.com,785,6,191,True,False,1,False,60,0.0189,0.1562,1156,0.1931,0,223,0.0709,0,0,0.0,False,False,Tuesday,Night,3178,0.465,Good
mail.announcements.us-ashburn-1.oci.oraclecloud.com,5270,7,165,True,False,25,False,6272,0.1873,0.08,8191,0.1716,14,3743,0.112,0,1,0.0,True,True,Monday,Morning,33478,0.0706,Good
bitwarden.com,1421,7,192,True,False,19,False,186,0.029,0.1892,1832,0.149,0,420,0.0659,0,0,0.0,True,False,Tuesday,Evening,6408,0.5768,Good
promo.autoplovykla.lt,4182,11,475,True,False,21,True,444,0.0237,0.0299,6353,0.2128,11,3323,0.1781,0,5,0.0002,True,True,Thursday,Night,18726,0.081,Good
vinted.lt,1059,11,105,True,False,16,True,99,0.0219,0.0612,1580,0.2211,2,429,0.0959,0,0,0.0,True,False,Saturday,Afternoon,4523,0.148,Good
bolt.eu,8044,10,134,True,False,28,True,1105,0.0294,0.1304,11139,0.123,2,3079,0.0819,10,1,0.0,True,False,Thursday,Afternoon,37626,1.0308,Good
bitwarden.com,1423,6,364,True,False,19,False,183,0.0286,0.2222,1838,0.1493,0,436,0.0685,0,0,0.0,True,False,Sunday,Morning,6392,0.5771,Good
mail.coinbase.com,3039,6,293,True,True,17,False,742,0.0539,0.1176,3711,0.0834,1,1480,0.1078,0,2,0.0,True,True,Friday,Evening,13759,1.8517,Good
unipark.lt,4786,9,318,True,True,19,True,1514,0.0644,0.1136,7542,0.1291,1,2244,0.0956,0,10,0.0002,True,False,Friday,Afternoon,23524,1.0704,Good
linkedin.com,16840,9,401,True,False,72,True,7967,0.0984,0.0857,23917,0.1678,57,9353,0.1156,2,4,0.0,True,True,Saturday,Morning,80972,0.3487,Good
linkedin.com,17204,9,399,True,False,87,True,10462,0.1183,0.1176,24617,0.1629,77,10008,0.1132,4,4,0.0,True,True,Thursday,Morning,88447,0.3162,Good
em.probroexpress.lt,6146,3,473,True,False,23,True,2685,0.0952,1.0,8902,0.2047,5,4609,0.1635,0,4,0.0001,True,False,Thursday,Morning,28213,0.0624,Good
steampowered.com,2433,7,123,True,True,17,False,462,0.0421,0.0732,3231,0.1132,3,859,0.0786,0,2,0.0001,True,False,Tuesday,Morning,10975,1.2371,Good
notice.aliexpress.com,6286,5,302,True,False,44,False,1739,0.0611,0.125,9725,0.1764,32,3680,0.1294,16,0,0.0,True,False,Thursday,Afternoon,28459,0.467,Good
linkedin.com,11741,11,402,True,True,44,True,4381,0.0793,0.0921,16566,0.1597,36,6314,0.1145,2,2,0.0,True,True,Wednesday,Morning,55230,0.4633,Good
ses.binance.com,4015,10,255,True,False,25,False,520,0.0303,0.2222,5915,0.2137,2,1791,0.1044,0,0,0.0,True,False,Monday,Morning,17182,0.1646,Good
vinted.com,58,11,20,False,False,0,False,44,0.1341,0.1818,13,0.0342,0,14,0.0493,0,0,0.0,False,False,Thursday,Morning,328,0.243,Good
members.netflix.com,5737,10,663,True,False,62,True,2439,0.0972,0.3333,8507,0.2022,50,4580,0.1827,0,0,0.0,True,True,Wednesday,Afternoon,25102,0.1558,Good
linkedin.com,10464,8,399,True,False,38,True,3481,0.071,0.0923,14732,0.1565,29,5275,0.1077,2,4,0.0,True,True,Saturday,Morning,49026,0.5103,Good
treatwell.lt,917,11,82,True,False,7,True,155,0.036,0.0769,1208,0.1176,4,363,0.0853,0,2,0.0002,True,False,Saturday,Morning,4306,1.0433,Good
skelbiu.lt,668,5,138,True,False,14,False,121,0.0415,0.0606,972,0.1715,2,228,0.0791,0,0,0.0,True,False,Tuesday,Morning,2916,0.5487,Good
linkedin.com,10471,7,400,True,False,38,True,3577,0.0729,0.1277,14770,0.1566,30,5339,0.1089,2,2,0.0,True,True,Friday,Morning,49085,0.5095,Good
linkedin.com,10423,7,402,True,False,38,True,3543,0.0724,0.1176,14676,0.1562,29,5248,0.1074,2,2,0.0,True,True,Wednesday,Morning,48925,0.5109,Good
uber.com,9449,6,233,True,True,53,False,4425,0.0878,0.1034,12692,0.1825,6,5073,0.1007,6,0,0.0,True,True,Friday,Evening,50391,0.0276,Good
invoiceocean.com,80,4,22,True,True,2,False,63,0.1795,0.1667,87,0.1545,0,73,0.2232,0,0,0.0,False,False,Tuesday,Evening,351,0.2324,Good
vinted.com,10193,3,222,True,True,8,False,3181,0.071,0.1333,14954,0.2243,4,4049,0.0904,0,4,0.0001,False,False,Tuesday,Afternoon,44816,0.0641,Good
linkedin.com,16500,8,405,True,False,71,True,7715,0.0959,0.0758,23447,0.1667,57,8612,0.1072,2,4,0.0,True,True,Saturday,Morning,80417,0.3489,Good
gmail.com,0,1,0,False,False,0,False,1,0.25,0.25,0,0.0,0,0,0.0,0,0,0.0,False,False,Sunday,Evening,4,0.0,Good
linkedin.com,12230,9,398,True,False,51,True,5004,0.085,0.0678,17429,0.1598,39,7014,0.1193,2,4,0.0,True,True,Sunday,Morning,58854,0.4368,Good
linkedin.com,17043,7,401,True,False,73,True,8226,0.0998,0.1091,24242,0.168,57,9176,0.1114,2,4,0.0,True,True,Tuesday,Morning,82394,0.3446,Good
insideapple.apple.com,3693,6,139,True,False,26,True,2512,0.1191,0.0435,4413,0.1293,15,2063,0.0979,0,1,0.0,True,True,Thursday,Evening,21100,0.3118,Good
vinted.com,3320,7,119,True,False,10,False,405,0.0315,0.0968,3973,0.1973,14,1039,0.0809,0,2,0.0001,False,True,Thursday,Morning,12873,0.1773,Good
vu.lt,153,8,15,True,False,4,False,29,0.0374,0.0612,154,0.1523,2,34,0.0468,0,0,0.0,False,False,Thursday,Evening,775,0.1336,Good
mgdirectmail.binance.com,3656,14,149,True,False,25,False,2121,0.11,0.303,5436,0.188,14,1597,0.0829,0,1,0.0,True,False,Tuesday,Evening,19286,0.1368,Good
linkedin.com,16776,7,401,True,False,72,True,7627,0.0939,0.2245,23857,0.167,58,9384,0.1156,6,4,0.0,True,True,Tuesday,Morning,81221,0.348,Good
linkedin.com,17394,9,396,True,False,72,True,7619,0.0918,0.1212,24345,0.1683,55,8546,0.103,2,4,0.0,True,True,Thursday,Morning,83019,0.3457,Good
developers.facebook.com,1563,8,238,True,True,11,True,337,0.048,0.1818,2293,0.2183,4,627,0.0898,0,1,0.0001,True,True,Friday,Afternoon,7015,0.0858,Good
bitwarden.com,1419,6,192,True,False,19,False,183,0.0286,0.2222,1832,0.149,0,426,0.0669,0,0,0.0,True,False,Tuesday,Morning,6394,0.5769,Good
linkedin.com,4327,4,441,True,False,31,True,2364,0.1003,0.0455,5799,0.1717,20,1994,0.0847,0,4,0.0001,True,False,Monday,Evening,23571,0.0963,Good
github.com,67,12,19,False,True,3,False,23,0.0539,0.0862,31,0.0664,0,11,0.0298,0,0,0.0,False,False,Monday,Night,427,0.1518,Good
facebookmail.com,2732,11,174,True,True,17,True,978,0.0771,0.0526,3924,0.2088,13,1414,0.1119,0,1,0.0001,True,False,Monday,Morning,12678,0.0647,Good
citybee.lt,2694,3,304,True,True,17,False,325,0.0261,0.087,3589,0.1723,1,1077,0.0867,0,2,0.0001,True,False,Saturday,Morning,12443,0.3014,Good
steampowered.com,4373,11,136,True,False,40,True,641,0.0344,0.06,5780,0.1336,23,2137,0.1152,0,2,0.0,True,True,Tuesday,Evening,18608,0.904,Good
linkedin.com,18015,8,402,True,False,78,True,8307,0.0948,0.102,25672,0.1688,63,9817,0.1121,6,4,0.0,True,True,Thursday,Morning,87649,0.3288,Good
trafi.com,1034,4,257,True,False,10,False,207,0.0531,0.0714,1601,0.19,5,364,0.0941,5,0,0.0,True,False,Monday,Afternoon,3897,0.6684,Good
linkedin.com,16796,15,393,True,False,68,True,7113,0.0891,0.0455,23448,0.1683,50,7917,0.0993,4,4,0.0,True,True,Saturday,Morning,79818,0.3515,Good
github.com,4392,10,79,True,False,79,True,16833,0.3727,0.0889,5073,0.0839,41,7862,0.1743,0,13,0.0002,True,True,Wednesday,Afternoon,45161,0.0534,Good
linkedin.com,18032,9,396,True,False,73,True,7793,0.0913,0.1364,25183,0.1696,57,8818,0.1034,8,4,0.0,True,True,Tuesday,Morning,85352,0.3398,Good
linkedin.com,17736,8,393,True,False,73,True,7699,0.0913,0.125,24768,0.1696,57,8434,0.1001,4,7,0.0,True,True,Thursday,Morning,84300,0.3372,Good
acct.epicgames.com,2574,4,87,True,False,17,True,3047,0.1933,0.0303,3302,0.1306,13,1498,0.0953,0,1,0.0,True,False,Monday,Afternoon,15759,0.3022,Good
notice.aliexpress.com,7522,5,307,True,False,52,False,1837,0.0537,0.05,11892,0.1799,43,4045,0.1184,20,0,0.0,True,True,Sunday,Morning,34190,0.4684,Good
vinted.lt,1814,8,193,True,False,20,False,242,0.0304,0.0645,2660,0.2139,1,617,0.0778,0,0,0.0,True,True,Friday,Morning,7965,0.1544,Good
linkedin.com,4573,5,390,True,False,39,True,2878,0.1112,0.0476,6200,0.1683,28,2361,0.0913,0,4,0.0001,True,True,Thursday,Afternoon,25875,0.0871,Good
twitch.tv,1901,5,169,True,True,14,False,544,0.0598,0.1613,2043,0.1603,7,856,0.0944,0,1,0.0001,True,True,Friday,Afternoon,9101,0.085,Good
anteja.lt,33,1,8,False,True,0,False,11,0.0493,0.1818,9,0.0335,0,6,0.0283,0,0,0.0,False,False,Monday,Morning,223,0.1981,Good
linkedin.com,16775,11,406,True,False,73,True,8322,0.1017,0.5952,23170,0.1331,58,9166,0.1121,2,4,0.0,True,True,Tuesday,Morning,81816,0.7319,Good
email.meetup.com,4174,6,309,True,False,24,True,6642,0.2306,0.1923,5731,0.1172,15,3584,0.1246,0,1,0.0,True,True,Wednesday,Morning,28801,0.3696,Good
twitch.tv,1556,6,163,True,True,13,False,706,0.0916,0.1562,1700,0.1581,7,928,0.1209,0,1,0.0001,True,True,Friday,Afternoon,7706,0.058,Good
accounts.google.com,725,6,69,True,False,5,False,156,0.0467,0.0732,894,0.1838,7,315,0.0954,0,1,0.0002,True,True,Sunday,Morning,3343,0.1069,Good
em.probroexpress.lt,6264,7,479,True,False,24,True,3414,0.115,0.0278,8973,0.1973,5,5014,0.1691,9,1,0.0,True,False,Wednesday,Morning,29685,0.0613,Good
members.netflix.com,9838,9,660,True,False,79,True,5197,0.1161,0.0588,14098,0.1893,68,7003,0.1566,0,0,0.0,True,True,Friday,Evening,44762,0.1933,Good
probroexpress.lt,249,10,34,True,False,4,False,111,0.0882,0.2909,263,0.1464,2,84,0.0698,0,0,0.0,True,False,Thursday,Afternoon,1258,0.2012,Good
bitwarden.com,1421,7,192,True,False,19,False,192,0.0301,0.3103,1828,0.1488,0,418,0.0657,0,0,0.0,True,False,Sunday,Morning,6388,0.5782,Good
anteja.lt,8109,10,289,True,True,42,True,2619,0.0646,0.0286,12628,0.1252,2,4012,0.0991,1,0,0.0,True,False,Tuesday,Morning,40562,1.079,Good
em.probroexpress.lt,6007,5,473,True,False,22,True,2781,0.0999,0.0556,8745,0.2039,5,4612,0.1658,0,2,0.0,True,False,Monday,Morning,27831,0.0614,Good
linkedin.com,10695,16,393,True,False,42,True,3726,0.0735,0.1266,15141,0.1568,29,5561,0.1098,2,4,0.0,True,True,Friday,Morning,50707,0.4954,Good
klix.app,1086,3,67,True,False,11,False,209,0.0429,0.0476,1396,0.1361,1,275,0.0566,2,0,0.0,False,False,Monday,Afternoon,4876,0.7668,Good
e.gallup.com,12299,5,139,True,True,60,True,2731,0.052,0.1389,18296,0.182,45,8775,0.1671,0,8,0.0001,True,True,Friday,Morning,52555,0.3979,Good
greensolar.lt,399,1,63,True,False,5,False,159,0.0847,0.1111,512,0.1882,0,131,0.0701,2,0,0.0,False,True,Wednesday,Afternoon,1877,0.1103,Good
aboutyou.com,7252,6,158,True,False,77,False,1546,0.0441,0.0714,10806,0.1855,67,9165,0.2616,2,2,0.0,True,True,Thursday,Evening,35061,0.0927,Good
linkedin.com,17802,8,396,True,False,75,True,8034,0.0944,0.1463,24312,0.1357,55,9068,0.1066,2,4,0.0,True,True,Saturday,Afternoon,85069,0.713,Good
members.netflix.com,6809,7,709,True,False,71,True,2814,0.0933,0.1852,10142,0.2033,53,5222,0.1733,0,0,0.0,True,True,Sunday,Evening,30165,0.1453,Good
mail.anthropic.com,1287,15,238,True,False,5,False,397,0.0662,0.0857,1927,0.213,2,591,0.0991,0,0,0.0,True,False,Sunday,Morning,5999,0.0949,Good
twodaylithuania.teamtailor-mail.com,3024,8,163,True,True,19,True,234,0.0179,0.0244,3935,0.1763,4,1396,0.107,0,0,0.0,True,False,Friday,Afternoon,13087,0.3019,Good
linkedin.com,16925,17,337,True,False,72,True,7700,0.0941,0.1579,24018,0.1675,58,9157,0.112,6,4,0.0,True,True,Wednesday,Morning,81864,0.3457,Good
notice.aliexpress.com,7173,5,304,True,False,52,False,1945,0.0593,0.1515,11488,0.1758,37,4169,0.1272,21,0,0.0,True,False,Wednesday,Evening,32818,0.5152,Good
ld.lt,693,4,58,True,True,12,False,104,0.0299,0.0357,675,0.1392,4,138,0.0399,0,0,0.0,False,False,Thursday,Morning,3483,0.1653,Good
e.linkedin.com,5405,7,637,True,True,21,True,1643,0.0695,0.0312,8533,0.174,13,3685,0.1561,0,0,0.0,True,False,Wednesday,Evening,23633,0.5607,Good
xoom.com,1526,7,106,True,False,13,False,296,0.044,0.0741,1800,0.1835,3,397,0.0593,0,0,0.0,True,True,Saturday,Morning,6720,0.1372,Good
linkedin.com,10143,12,406,True,False,37,True,3659,0.0768,0.12,14291,0.1552,29,5279,0.111,5,2,0.0,True,True,Thursday,Morning,47624,0.5217,Good
linkedin.com,10832,8,403,True,False,42,True,3950,0.0769,0.1698,15348,0.1564,30,5663,0.1104,2,4,0.0,True,True,Wednesday,Morning,51349,0.4997,Good
linkedin.com,10704,7,390,True,False,42,True,3823,0.0751,0.0588,15156,0.1564,29,5472,0.1076,2,4,0.0,True,True,Wednesday,Morning,50916,0.4969,Good
email.apple.com,1846,4,161,True,False,13,False,144,0.0183,0.1,2401,0.2045,3,1044,0.1333,5,1,0.0001,True,False,Sunday,Morning,7853,0.0566,Good
linkedin.com,2741,6,384,True,True,18,False,636,0.0516,0.0588,3539,0.1892,12,1120,0.0911,0,4,0.0002,True,False,Thursday,Afternoon,12324,0.1295,Good
revolut.com,4782,6,139,True,False,20,True,1339,0.0619,0.027,6948,0.2078,7,1680,0.0778,0,2,0.0001,True,True,Wednesday,Afternoon,21643,0.1481,Good
treatwell.lt,1631,4,283,True,False,8,False,513,0.0757,0.0667,2590,0.1984,2,790,0.1171,0,0,0.0,False,False,Monday,Evening,6778,0.4336,Good
linkedin.com,17286,9,393,True,False,72,True,7736,0.0939,0.122,24227,0.1687,57,8664,0.1052,2,7,0.0,True,True,Thursday,Morning,82415,0.3421,Good
e.linkedin.com,5645,11,574,True,False,39,True,4073,0.1406,0.0851,9239,0.1508,26,4151,0.1435,0,0,0.0,True,False,Wednesday,Afternoon,28966,0.6552,Good
contact-80.daily-newsletter.com,22,0,11,False,False,0,False,3,0.0297,0.0,6,0.0465,0,0,0.0,0,0,0.0,False,False,Monday,Morning,101,0.2178,Spam
admin-92.win,98,0,21,False,False,0,False,61,0.1644,0.0,28,0.0566,3,0,0.0,0,0,0.0,False,False,Sunday,Afternoon,371,0.2588,Spam
promo-57.club,38,0,17,False,False,0,False,4,0.0253,0.0,6,0.0296,0,0,0.0,0,0,0.0,False,False,Friday,Night,158,0.2468,Spam
contact-51.special-offer.org,38,0,7,False,False,0,False,31,0.7949,0.0,0,0.0,0,0,0.0,0,0,0.0,False,False,Sunday,Afternoon,39,0.1795,Spam
admin-75.promo-source.com,56,0,13,False,False,0,False,20,0.0943,0.0,18,0.0563,3,0,0.0,0,21,0.0656,False,False,Saturday,Afternoon,212,0.3019,Spam
contact-31.club,77,0,20,False,False,0,False,46,0.146,0.0,15,0.0361,1,0,0.0,0,12,0.0288,False,False,Friday,Night,315,0.2349,Spam
newsletter-89.win,17,0,7,False,False,0,False,3,0.0385,0.0,5,0.0495,0,0,0.0,0,0,0.0,False,False,Tuesday,Night,78,0.2308,Spam
newsletter-64.promo-source.com,108,0,17,False,False,0,False,10,0.0216,0.0,23,0.0389,0,2,0.0043,0,0,0.0,False,False,Thursday,Afternoon,464,0.222,Spam
offers-93.shop,106,0,22,False,False,0,False,17,0.0397,0.0,28,0.0498,2,0,0.0,6,0,0.0,False,False,Saturday,Morning,428,0.2477,Spam
admin-92.promo-source.com,106,0,20,False,False,0,False,12,0.0266,0.0,20,0.0348,1,0,0.0,0,0,0.0,False,True,Friday,Morning,451,0.2306,Spam
admin-21.win,46,0,17,False,False,0,False,3,0.0161,0.0,12,0.0498,1,0,0.0,0,0,0.0,False,False,Saturday,Afternoon,186,0.2312,Spam
deals-72.xyz,64,0,22,False,True,0,False,7,0.0268,0.0,10,0.0299,1,0,0.0,0,0,0.0,False,False,Tuesday,Afternoon,261,0.2414,Spam
support-37.live,5,0,5,False,False,0,False,10,0.5263,0.0,3,0.1111,0,0,0.0,0,0,0.0,False,False,Saturday,Evening,19,0.2632,Spam
contact-23.buzz,47,0,25,False,False,0,False,8,0.039,0.0,4,0.0156,0,0,0.0,0,0,0.0,False,True,Sunday,Night,205,0.2341,Spam
newsletter-45.win,29,0,11,False,False,0,False,3,0.0248,0.0,4,0.026,0,0,0.0,0,0,0.0,False,False,Friday,Morning,121,0.2397,Spam
support-87.site,72,0,19,False,False,0,False,6,0.0221,0.0,10,0.0275,2,7,0.0257,0,0,0.0,False,False,Thursday,Morning,272,0.2721,Spam
support-40.buzz,27,0,15,False,False,0,False,50,0.4717,0.0,9,0.0634,0,0,0.0,0,0,0.0,False,False,Monday,Evening,106,0.2547,Spam
promo-21.marketing-deals.net,77,0,22,False,False,0,False,7,0.0207,0.0,16,0.0364,1,0,0.0,0,14,0.0318,False,True,Sunday,Morning,338,0.213,Spam
contact-39.link,102,0,24,False,True,0,False,83,0.1953,0.0,27,0.0488,3,4,0.0094,0,0,0.0,False,False,Wednesday,Evening,425,0.2282,Spam
deals-30.win,96,0,31,False,False,0,False,12,0.0317,0.0,25,0.0503,2,6,0.0159,0,0,0.0,False,False,Tuesday,Morning,378,0.2328,Spam
admin-56.daily-newsletter.com,32,0,18,False,False,0,False,15,0.1103,0.0,12,0.0659,0,2,0.0147,3,0,0.0,False,False,Thursday,Afternoon,136,0.2353,Spam
deals-73.promo-source.com,103,0,20,False,True,0,False,43,0.0905,0.0,19,0.0316,2,4,0.0084,1,0,0.0,False,False,Saturday,Afternoon,475,0.2168,Spam
offers-41.live,112,0,26,False,False,0,False,8,0.0153,0.0,18,0.0277,2,0,0.0,0,0,0.0,False,False,Sunday,Evening,522,0.2088,Spam
promo-68.win,108,0,23,False,False,0,False,10,0.0235,0.0,24,0.0432,2,4,0.0094,0,0,0.0,False,False,Sunday,Morning,425,0.24,Spam
admin-60.live,118,0,27,False,False,0,False,8,0.0166,0.0,19,0.031,1,0,0.0,0,0,0.0,False,False,Monday,Night,483,0.2277,Spam
newsletter-63.info,82,0,30,False,True,0,False,13,0.0366,0.0,13,0.0281,2,0,0.0,0,12,0.026,False,False,Saturday,Afternoon,355,0.231,Spam
contact-67.shop,45,0,16,False,False,0,False,87,0.4971,0.0,16,0.0684,2,0,0.0,0,0,0.0,False,False,Tuesday,Night,175,0.2457,Spam
newsletter-28.live,110,0,26,False,True,0,False,49,0.1063,0.0,41,0.0673,6,0,0.0,0,0,0.0,False,False,Tuesday,Evening,461,0.2321,Spam
newsletter-52.xyz,110,0,31,False,False,0,False,43,0.0953,0.0,27,0.0464,0,0,0.0,0,0,0.0,False,False,Sunday,Morning,451,0.2262,Spam
contact-48.daily-newsletter.com,36,0,25,False,False,0,False,5,0.0345,0.0,9,0.0479,0,0,0.0,0,0,0.0,False,False,Tuesday,Afternoon,145,0.2345,Spam
support-24.download,41,0,15,False,False,0,False,4,0.0219,0.0,7,0.0306,1,0,0.0,0,0,0.0,False,True,Tuesday,Morning,183,0.2131,Spam
newsletter-65.club,102,0,19,False,False,0,False,15,0.0356,0.0,20,0.0371,0,0,0.0,0,0,0.0,False,False,Friday,Night,421,0.2328,Spam
admin-78.loan,106,0,20,False,False,0,False,50,0.1062,0.0,22,0.037,1,0,0.0,0,0,0.0,False,True,Sunday,Afternoon,471,0.2166,Spam
admin-49.loan,73,0,21,False,False,0,False,35,0.1094,0.0,23,0.056,1,2,0.0063,0,0,0.0,False,False,Thursday,Night,320,0.2062,Spam
newsletter-79.promo-source.com,46,0,17,False,False,0,False,4,0.0221,0.0,11,0.0464,0,0,0.0,0,0,0.0,False,False,Thursday,Evening,181,0.2486,Spam
admin-88.xyz,96,0,21,False,True,0,False,140,0.2991,0.0,27,0.0453,0,0,0.0,0,0,0.0,False,True,Monday,Evening,468,0.2158,Spam
admin-29.online,106,0,24,False,False,0,False,12,0.0286,0.0,27,0.0494,1,0,0.0,0,0,0.0,False,False,Wednesday,Evening,420,0.2381,Spam
promo-95.marketing-deals.net,9,0,8,False,False,0,False,1,0.0333,0.0,6,0.1224,0,1,0.0333,0,3,0.0612,False,False,Wednesday,Morning,30,0.3,Spam
admin-84.buzz,52,0,17,False,False,0,False,4,0.0188,0.0,10,0.0366,0,0,0.0,0,0,0.0,False,False,Saturday,Afternoon,213,0.2347,Spam
contact-27.loan,61,0,12,False,False,0,False,52,0.2023,0.0,28,0.0724,2,9,0.035,2,11,0.0284,False,False,Sunday,Morning,257,0.3191,Spam
newsletter-56.link,47,0,20,False,True,0,False,3,0.0159,0.0,6,0.025,0,0,0.0,0,0,0.0,False,False,Monday,Evening,189,0.2381,Spam
contact-91.win,16,0,7,False,False,0,False,5,0.0714,0.0,5,0.0549,0,0,0.0,0,0,0.0,False,False,Saturday,Night,70,0.2286,Spam
contact-57.special-offer.org,49,0,12,False,True,0,False,5,0.0237,0.0,9,0.033,0,4,0.019,0,0,0.0,False,False,Wednesday,Morning,211,0.2322,Spam
contact-93.loan,43,0,17,False,False,0,False,4,0.0222,0.0,6,0.0263,2,0,0.0,0,0,0.0,False,False,Sunday,Afternoon,180,0.2333,Spam
deals-59.click,38,0,21,False,False,0,False,3,0.019,0.0,7,0.0345,0,0,0.0,0,0,0.0,False,False,Wednesday,Night,158,0.2405,Spam
newsletter-14.your-rewards.info,104,0,31,False,False,0,False,43,0.1009,0.0,26,0.0468,5,2,0.0047,0,0,0.0,False,False,Friday,Night,426,0.2394,Spam
offers-84.top,78,0,24,False,False,0,False,23,0.074,0.0,23,0.0546,0,0,0.0,0,9,0.0214,False,False,Friday,Morning,311,0.2444,Spam
newsletter-32.win,28,0,8,False,False,0,False,7,0.0598,0.0,19,0.105,0,0,0.0,0,9,0.0497,False,False,Wednesday,Evening,117,0.2564,Spam
newsletter-41.top,34,0,17,False,False,0,False,3,0.0194,0.0,5,0.0259,0,0,0.0,0,0,0.0,False,False,Thursday,Afternoon,155,0.2129,Spam
contact-95.site,28,0,13,False,False,0,False,3,0.0246,0.0,4,0.026,0,0,0.0,0,0,0.0,False,False,Monday,Morning,122,0.2295,Spam
newsletter-61.site,57,0,19,False,False,0,False,25,0.1042,0.0,9,0.0295,2,0,0.0,0,0,0.0,False,False,Monday,Afternoon,240,0.2333,Spam
deals-67.shop,78,0,29,False,False,0,False,6,0.0176,0.0,9,0.0206,0,0,0.0,0,12,0.0275,False,False,Tuesday,Morning,340,0.2206,Spam
admin-90.top,66,0,20,False,False,0,False,196,0.7341,0.0,14,0.0393,0,0,0.0,0,12,0.0337,False,False,Thursday,Evening,267,0.236,Spam
support-55.link,14,0,10,False,False,0,False,7,0.1346,0.0,5,0.0704,0,0,0.0,0,0,0.0,False,False,Thursday,Night,52,0.2692,Spam
offers-79.marketing-deals.net,19,0,8,False,False,0,False,3,0.0411,0.0,7,0.07,0,0,0.0,3,0,0.0,False,False,Friday,Morning,73,0.274,Spam
contact-47.marketing-deals.net,34,0,15,False,False,0,False,3,0.021,0.0,5,0.0276,0,0,0.0,0,0,0.0,False,False,Tuesday,Night,143,0.2308,Spam
offers-33.xyz,64,0,19,False,False,0,False,8,0.0299,0.0,10,0.0293,2,0,0.0,0,0,0.0,False,False,Wednesday,Evening,268,0.2351,Spam
admin-72.your-rewards.info,36,0,16,False,False,0,False,3,0.0222,0.0,6,0.0341,0,0,0.0,0,0,0.0,False,False,Wednesday,Night,135,0.2593,Spam
deals-92.buzz,111,0,27,False,False,0,False,8,0.0169,0.0,23,0.0383,2,0,0.0,0,0,0.0,False,True,Monday,Evening,473,0.222,Spam
promo-96.club,55,0,23,False,True,0,False,4,0.0184,0.0,9,0.0323,1,0,0.0,0,0,0.0,False,False,Friday,Morning,217,0.2442,Spam
promo-61.live,33,0,13,False,False,0,False,4,0.0248,0.0,5,0.0251,0,0,0.0,0,0,0.0,False,False,Friday,Morning,161,0.205,Spam
support-70.top,41,0,14,False,False,0,False,13,0.0949,0.0,8,0.0408,1,9,0.0657,0,0,0.0,False,False,Thursday,Evening,137,0.3066,Spam
contact-53.special-offer.org,41,0,11,False,False,0,False,9,0.0577,0.0,10,0.0483,3,0,0.0,0,0,0.0,False,False,Tuesday,Night,156,0.2628,Spam
support-60.special-offer.org,45,0,15,False,False,0,False,5,0.0258,0.0,4,0.0164,2,0,0.0,0,0,0.0,False,False,Wednesday,Night,194,0.2371,Spam
contact-91.info,32,0,19,False,False,0,False,2,0.0116,0.0,2,0.0096,0,0,0.0,0,0,0.0,False,False,Monday,Evening,173,0.1908,Spam
offers-26.loan,34,0,21,False,False,0,False,13,0.0897,0.0,5,0.0272,1,0,0.0,0,0,0.0,False,False,Wednesday,Morning,145,0.2345,Spam
support-79.xyz,89,0,24,False,False,0,False,10,0.0248,0.0,14,0.0276,0,0,0.0,0,2,0.0039,False,False,Friday,Morning,404,0.2178,Spam
offers-52.your-rewards.info,11,0,11,False,False,0,False,4,0.0976,0.0,1,0.0179,0,0,0.0,0,1,0.0179,False,False,Tuesday,Night,41,0.3171,Spam
newsletter-50.site,33,0,14,False,False,0,False,3,0.0214,0.0,4,0.0225,1,0,0.0,0,0,0.0,False,False,Friday,Morning,140,0.2429,Spam
admin-27.win,22,0,9,False,False,0,False,3,0.0353,0.0,7,0.0614,1,0,0.0,0,0,0.0,False,False,Wednesday,Night,85,0.2588,Spam
newsletter-19.download,114,0,21,False,False,0,False,9,0.0166,0.0,16,0.0239,1,0,0.0,0,0,0.0,False,False,Friday,Evening,541,0.2089,Spam
deals-64.daily-newsletter.com,23,0,12,False,False,0,False,9,0.0776,0.0,8,0.053,0,3,0.0259,0,2,0.0132,False,False,Tuesday,Afternoon,116,0.1897,Spam
deals-53.live,84,0,25,False,False,0,False,16,0.0482,0.0,13,0.0304,2,0,0.0,0,0,0.0,False,False,Saturday,Night,332,0.25,Spam
deals-76.buzz,27,0,18,False,False,0,False,27,0.203,0.0,4,0.0244,0,0,0.0,0,0,0.0,False,False,Tuesday,Afternoon,133,0.203,Spam
contact-97.live,74,0,12,False,False,0,False,64,0.2623,0.0,35,0.0962,0,20,0.082,1,0,0.0,False,False,Friday,Afternoon,244,0.2664,Spam
offers-71.online,43,0,10,False,False,0,False,65,0.3514,0.0,13,0.0533,0,4,0.0216,0,0,0.0,False,False,Wednesday,Evening,185,0.227,Spam
newsletter-48.marketing-deals.net,100,0,36,False,False,0,False,19,0.0476,0.0,11,0.0214,1,0,0.0,0,4,0.0078,False,False,Tuesday,Evening,399,0.2531,Spam
contact-76.club,109,0,18,False,True,0,False,11,0.0252,0.0,15,0.0265,2,3,0.0069,0,0,0.0,False,False,Tuesday,Evening,436,0.2431,Spam
offers-75.special-offer.org,43,0,31,False,True,0,False,187,1.0,0.0,7,0.026,2,0,0.0,0,23,0.0855,False,False,Wednesday,Night,187,0.2781,Spam
newsletter-40.click,109,0,27,False,False,0,False,9,0.0188,0.0,21,0.0348,2,0,0.0,0,0,0.0,False,False,Wednesday,Afternoon,479,0.2171,Spam
deals-71.link,113,0,23,False,False,0,False,10,0.0216,0.0,15,0.0255,5,0,0.0,0,0,0.0,False,False,Saturday,Night,462,0.2403,Spam
deals-26.shop,76,0,20,False,False,0,False,67,0.1965,0.0,12,0.0268,0,0,0.0,0,9,0.0201,False,False,Saturday,Night,341,0.2317,Spam
contact-83.site,44,0,20,False,False,0,False,4,0.022,0.0,6,0.0256,0,0,0.0,0,0,0.0,False,False,Monday,Afternoon,182,0.2527,Spam
newsletter-79.win,58,0,27,False,False,0,False,6,0.0248,0.0,11,0.0349,1,3,0.0124,0,0,0.0,False,False,Monday,Morning,242,0.2438,Spam
admin-23.club,106,0,17,False,False,0,False,55,0.1222,0.0,25,0.0432,4,0,0.0,0,0,0.0,False,False,Monday,Evening,450,0.2311,Spam
offers-92.download,27,0,16,False,False,0,False,16,0.1356,0.0,12,0.0745,0,0,0.0,0,5,0.0311,False,False,Sunday,Evening,118,0.2203,Spam
newsletter-50.shop,106,0,22,False,False,0,False,14,0.0329,0.0,23,0.0417,3,0,0.0,0,0,0.0,False,False,Wednesday,Afternoon,425,0.2447,Spam
newsletter-17.download,32,0,24,False,False,0,False,8,0.0625,0.0,5,0.0292,0,5,0.0391,1,0,0.0,False,False,Friday,Morning,128,0.2578,Spam
contact-64.download,29,0,12,False,False,0,False,11,0.0833,0.0,4,0.0242,0,0,0.0,0,0,0.0,False,False,Monday,Afternoon,132,0.2197,Spam
promo-75.club,14,0,14,False,False,0,False,2,0.0357,0.0,1,0.0139,0,0,0.0,0,0,0.0,False,False,Saturday,Morning,56,0.2679,Spam
offers-72.download,49,0,20,False,False,0,False,202,1.0,0.0,14,0.0483,2,0,0.0,0,17,0.0586,False,False,Friday,Afternoon,202,0.2822,Spam
support-10.online,109,0,30,False,False,0,False,51,0.1102,0.0,22,0.0372,2,0,0.0,0,0,0.0,False,False,Saturday,Evening,463,0.2289,Spam
contact-80.daily-newsletter.com,76,0,17,False,False,0,False,38,0.1238,0.0,18,0.0434,1,0,0.0,0,12,0.0289,False,False,Tuesday,Morning,307,0.2541,Spam
support-65.daily-newsletter.com,33,0,14,False,False,0,False,55,0.4435,0.0,7,0.0419,1,3,0.0242,0,0,0.0,False,False,Wednesday,Afternoon,124,0.2661,Spam
admin-23.marketing-deals.net,47,0,17,False,False,0,False,3,0.015,0.0,7,0.0278,0,0,0.0,0,0,0.0,False,False,Wednesday,Morning,200,0.225,Spam
admin-33.loan,8,0,5,False,False,0,False,2,0.069,0.0,3,0.0714,1,0,0.0,0,0,0.0,False,False,Tuesday,Evening,29,0.3448,Spam
admin-17.buzz,85,0,13,False,True,0,False,20,0.0556,0.0,25,0.0525,5,0,0.0,0,6,0.0126,False,False,Monday,Evening,360,0.2361,Spam
admin-85.xyz,38,0,13,False,False,0,False,4,0.0303,0.0,8,0.0455,0,0,0.0,0,0,0.0,False,False,Thursday,Night,132,0.2727,Spam
support-55.buzz,44,0,24,False,False,0,False,32,0.1569,0.0,12,0.0418,4,0,0.0,0,20,0.0697,False,False,Tuesday,Night,204,0.25,Spam
deals-86.daily-newsletter.com,45,0,18,False,False,0,False,4,0.0222,0.0,14,0.0574,0,8,0.0444,1,0,0.0,False,False,Saturday,Morning,180,0.2333,Spam
offers-52.site,80,0,28,False,True,0,False,47,0.1247,0.0,12,0.0248,0,0,0.0,0,9,0.0186,False,False,Friday,Evening,377,0.2255,Spam
deals-27.special-offer.org,33,0,13,False,False,0,False,3,0.0214,0.0,3,0.0169,1,0,0.0,0,0,0.0,False,False,Wednesday,Evening,140,0.2429,Spam
support-66.live,85,0,30,False,False,0,False,27,0.0849,0.0,21,0.0483,3,1,0.0031,0,9,0.0207,False,True,Thursday,Morning,318,0.2704,Spam
offers-73.your-rewards.info,37,0,17,False,False,0,False,22,0.125,0.0,14,0.0628,1,0,0.0,0,0,0.0,False,False,Thursday,Afternoon,176,0.1875,Spam
contact-47.live,81,0,46,False,True,0,False,84,0.2507,0.0,14,0.0327,0,0,0.0,0,0,0.0,False,False,Monday,Evening,335,0.2358,Spam
deals-80.your-rewards.info,112,0,22,False,False,0,False,10,0.0204,0.0,20,0.0325,1,0,0.0,0,0,0.0,False,False,Wednesday,Morning,491,0.2138,Spam
newsletter-63.info,108,0,18,False,False,0,False,38,0.0868,0.0,23,0.0406,3,0,0.0,0,0,0.0,False,False,Monday,Night,438,0.242,Spam
admin-81.club,46,0,19,False,False,0,False,10,0.0541,0.0,11,0.044,0,2,0.0108,0,6,0.024,False,False,Wednesday,Afternoon,185,0.2486,Spam
newsletter-48.your-rewards.info,36,0,9,False,False,0,False,148,0.8409,0.0,8,0.0321,1,3,0.017,0,22,0.0884,False,False,Friday,Evening,176,0.2273,Spam
newsletter-93.win,25,0,16,False,False,0,False,3,0.0254,0.0,2,0.0137,1,0,0.0,0,0,0.0,False,False,Tuesday,Morning,118,0.2203,Spam
admin-84.club,31,0,29,False,False,0,False,2,0.0159,0.0,8,0.0476,0,3,0.0238,0,0,0.0,False,False,Tuesday,Night,126,0.246,Spam
promo-17.info,38,0,21,False,False,0,False,2,0.0115,0.0,4,0.0185,0,0,0.0,0,0,0.0,False,False,Friday,Morning,174,0.2184,Spam
admin-24.site,43,0,17,False,False,0,False,7,0.0385,0.0,11,0.0468,2,0,0.0,0,0,0.0,False,False,Wednesday,Afternoon,182,0.2308,Spam
newsletter-40.top,34,0,16,False,False,0,False,3,0.0217,0.0,7,0.0383,0,5,0.0362,1,0,0.0,False,False,Thursday,Morning,138,0.2391,Spam
admin-63.xyz,99,0,14,False,True,0,False,83,0.2034,0.0,25,0.0467,3,4,0.0098,0,0,0.0,False,False,Tuesday,Morning,408,0.2402,Spam
contact-99.click,61,0,12,False,False,0,False,84,0.3471,0.0,14,0.0407,0,2,0.0083,0,19,0.0552,False,False,Saturday,Evening,242,0.2769,Spam
promo-83.link,52,0,16,False,False,0,False,4,0.019,0.0,9,0.0317,0,0,0.0,0,9,0.0317,False,False,Friday,Afternoon,211,0.2607,Spam
support-46.download,108,0,29,False,False,0,False,16,0.0345,0.0,24,0.0405,1,0,0.0,0,0,0.0,False,False,Thursday,Afternoon,464,0.2263,Spam
deals-34.shop,31,0,12,False,False,0,False,3,0.0208,0.0,5,0.0278,2,0,0.0,0,0,0.0,False,False,Monday,Night,144,0.2153,Spam
newsletter-94.daily-newsletter.com,24,0,11,False,False,0,False,24,0.2353,0.0,9,0.0621,0,0,0.0,0,9,0.0621,False,False,Sunday,Evening,102,0.2451,Spam
promo-48.special-offer.org,114,0,24,False,False,0,False,7,0.0146,0.0,21,0.0346,1,0,0.0,0,0,0.0,False,False,Saturday,Afternoon,479,0.2234,Spam
contact-25.buzz,21,0,8,False,False,0,False,78,1.0,0.0,6,0.0556,0,2,0.0256,0,0,0.0,False,False,Wednesday,Night,78,0.2821,Spam
admin-88.promo-source.com,35,0,13,False,True,0,False,4,0.0274,0.0,6,0.0321,1,0,0.0,0,0,0.0,False,False,Wednesday,Evening,146,0.2397,Spam
admin-91.site,96,0,19,False,False,0,False,108,0.2791,0.0,21,0.0417,1,6,0.0155,1,0,0.0,False,False,Sunday,Night,387,0.2326,Spam
offers-33.link,9,0,6,False,False,0,False,2,0.0541,0.0,5,0.0962,0,0,0.0,3,0,0.0,False,False,Wednesday,Afternoon,37,0.2703,Spam
contact-96.link,39,0,15,False,False,0,False,5,0.0284,0.0,5,0.0227,1,0,0.0,0,0,0.0,False,False,Tuesday,Afternoon,176,0.2216,Spam
contact-88.buzz,34,0,14,False,False,0,False,4,0.0278,0.0,5,0.0273,1,0,0.0,0,0,0.0,False,False,Saturday,Morning,144,0.2361,Spam
newsletter-60.buzz,26,0,8,False,False,0,False,5,0.0442,0.0,10,0.0654,0,5,0.0442,0,0,0.0,False,False,Monday,Morning,113,0.2212,Spam
offers-27.club,35,0,18,False,False,0,False,6,0.0472,0.0,13,0.0751,0,0,0.0,0,0,0.0,False,False,Sunday,Morning,127,0.2598,Spam
newsletter-69.daily-newsletter.com,46,0,14,False,True,0,False,13,0.0663,0.0,13,0.0502,0,7,0.0357,0,0,0.0,False,False,Wednesday,Morning,196,0.2194,Spam
promo-90.your-rewards.info,36,0,13,False,False,0,False,4,0.0235,0.0,4,0.019,2,0,0.0,0,0,0.0,False,False,Wednesday,Morning,170,0.2176,Spam
admin-66.shop,53,0,25,False,False,0,False,3,0.0136,0.0,11,0.0386,0,0,0.0,0,0,0.0,False,False,Tuesday,Morning,221,0.2398,Spam
admin-98.special-offer.org,109,0,15,False,True,0,False,9,0.0207,0.0,25,0.0444,2,0,0.0,0,0,0.0,False,False,Tuesday,Night,434,0.2396,Spam
promo-62.xyz,19,0,11,True,False,0,False,33,0.6346,0.0,15,0.1456,0,21,0.4038,1,0,0.0,False,False,Sunday,Evening,52,0.2885,Spam
promo-73.download,113,0,20,False,True,0,False,11,0.0224,0.0,16,0.0259,2,0,0.0,0,0,0.0,False,False,Thursday,Afternoon,491,0.224,Spam
promo-38.site,31,0,15,False,False,0,False,3,0.0246,0.0,4,0.0255,0,0,0.0,0,0,0.0,False,False,Tuesday,Afternoon,122,0.2541,Spam
contact-42.loan,46,0,21,False,False,0,False,12,0.0635,0.0,13,0.0481,0,21,0.1111,0,0,0.0,False,False,Wednesday,Afternoon,189,0.2487,Spam
newsletter-54.site,25,0,12,False,False,0,False,4,0.0348,0.0,6,0.0411,0,0,0.0,0,0,0.0,False,False,Wednesday,Evening,115,0.2174,Spam
newsletter-89.your-rewards.info,67,0,13,False,False,0,False,65,0.2364,0.0,16,0.0424,0,0,0.0,0,13,0.0345,False,False,Sunday,Night,275,0.2655,Spam
offers-43.shop,45,0,17,False,False,0,False,4,0.0245,0.0,9,0.0407,0,4,0.0245,1,0,0.0,False,False,Saturday,Evening,163,0.2761,Spam
deals-85.info,110,0,19,False,True,0,False,11,0.0241,0.0,19,0.0326,3,0,0.0,0,0,0.0,False,False,Saturday,Night,457,0.2319,Spam
deals-35.loan,85,0,26,False,True,0,False,7,0.02,0.0,17,0.0369,0,0,0.0,0,9,0.0195,False,False,Wednesday,Afternoon,350,0.2429,Spam
support-88.daily-newsletter.com,6,0,4,False,False,0,False,26,1.0,0.0,2,0.0571,0,0,0.0,0,0,0.0,False,False,Sunday,Night,26,0.2692,Spam
newsletter-48.daily-newsletter.com,60,0,17,False,False,0,False,40,0.1212,0.0,20,0.0483,3,0,0.0,0,0,0.0,False,False,Wednesday,Afternoon,330,0.1939,Spam
admin-82.live,94,0,30,False,False,0,False,50,0.1319,0.0,20,0.04,0,0,0.0,0,5,0.01,False,False,Sunday,Evening,379,0.2533,Spam
offers-73.daily-newsletter.com,11,0,11,False,False,0,False,8,0.1702,0.0,1,0.0161,0,2,0.0426,0,0,0.0,False,False,Tuesday,Night,47,0.2553,Spam
newsletter-33.daily-newsletter.com,44,0,28,False,False,0,False,2,0.009,0.0,4,0.0148,0,0,0.0,0,0,0.0,False,False,Wednesday,Night,222,0.2027,Spam
newsletter-29.click,24,0,9,False,False,0,False,106,1.0,0.0,5,0.0362,0,1,0.0094,0,0,0.0,False,False,Friday,Night,106,0.2453,Spam
contact-75.online,13,0,12,False,False,0,False,48,1.0,0.0,9,0.1268,0,2,0.0417,0,0,0.0,False,False,Friday,Evening,48,0.25,Spam
support-58.your-rewards.info,29,0,13,False,False,0,False,3,0.024,0.0,3,0.019,2,0,0.0,0,0,0.0,False,False,Tuesday,Morning,125,0.24,Spam
newsletter-42.shop,114,0,27,False,False,0,False,8,0.0156,0.0,18,0.028,1,0,0.0,0,0,0.0,False,False,Sunday,Night,513,0.2183,Spam
support-64.site,50,0,18,False,False,0,False,17,0.0977,0.0,12,0.0504,0,2,0.0115,0,0,0.0,False,False,Wednesday,Afternoon,174,0.2874,Spam
support-19.shop,41,0,22,False,False,0,False,128,0.8101,0.0,14,0.0586,2,0,0.0,0,18,0.0753,False,False,Wednesday,Afternoon,158,0.3101,Spam
support-47.club,102,0,22,False,False,0,False,11,0.0221,0.0,16,0.0258,1,0,0.0,0,3,0.0048,False,True,Wednesday,Evening,498,0.2048,Spam
admin-29.live,7,0,7,False,False,0,False,26,1.0,0.0,1,0.0278,0,0,0.0,0,0,0.0,False,False,Sunday,Morning,26,0.3462,Spam
offers-95.info,59,0,15,False,False,0,False,19,0.09,0.0,22,0.0698,1,2,0.0095,0,20,0.0635,False,False,Tuesday,Morning,211,0.2844,Spam
newsletter-47.promo-source.com,93,0,23,False,False,0,False,7,0.019,0.0,16,0.0337,1,3,0.0082,1,0,0.0,False,False,Thursday,Evening,368,0.2391,Spam
newsletter-89.link,47,0,14,False,False,0,False,38,0.1949,0.0,12,0.0421,2,5,0.0256,0,22,0.0772,False,False,Saturday,Evening,195,0.2564,Spam
deals-92.download,43,0,23,False,False,0,False,10,0.0529,0.0,5,0.0211,1,0,0.0,0,0,0.0,False,False,Friday,Afternoon,189,0.2275,Spam
contact-96.daily-newsletter.com,108,0,25,False,False,0,False,12,0.0282,0.0,30,0.0539,3,0,0.0,0,0,0.0,False,False,Sunday,Night,426,0.2371,Spam
newsletter-94.marketing-deals.net,104,0,20,False,False,0,False,9,0.0205,0.0,20,0.0358,1,0,0.0,0,0,0.0,False,True,Tuesday,Evening,439,0.2255,Spam
offers-37.top,30,0,15,False,False,0,False,2,0.0159,0.0,4,0.0252,0,0,0.0,0,0,0.0,False,False,Monday,Morning,126,0.2302,Spam
promo-16.site,7,0,7,False,False,0,False,32,1.0,0.0,5,0.1111,0,0,0.0,0,0,0.0,False,False,Saturday,Evening,32,0.25,Spam
deals-75.live,23,0,8,False,False,0,False,5,0.0476,0.0,6,0.0448,0,0,0.0,0,0,0.0,False,False,Friday,Afternoon,105,0.219,Spam
support-20.loan,113,0,24,False,False,0,False,11,0.0246,0.0,18,0.0313,1,0,0.0,0,0,0.0,False,False,Sunday,Night,448,0.2433,Spam
support-78.top,46,0,22,False,False,0,False,3,0.0146,0.0,15,0.0579,1,0,0.0,0,0,0.0,False,False,Monday,Night,206,0.1845,Spam
deals-21.top,13,0,7,False,False,0,False,54,1.0,0.0,10,0.1299,0,0,0.0,0,0,0.0,False,False,Thursday,Morning,54,0.2407,Spam
support-63.online,9,0,9,False,False,0,False,17,0.4722,0.0,4,0.0727,0,0,0.0,0,3,0.0545,False,False,Tuesday,Night,36,0.3333,Spam
admin-20.online,88,0,17,False,False,0,False,52,0.1585,0.0,31,0.0701,3,1,0.003,0,0,0.0,False,False,Wednesday,Morning,328,0.25,Spam
promo-86.top,116,0,22,False,True,0,False,9,0.0205,0.0,17,0.0299,0,3,0.0068,0,0,0.0,False,False,Thursday,Night,438,0.2534,Spam
newsletter-18.download,46,0,20,False,True,0,False,3,0.0163,0.0,8,0.0339,0,0,0.0,0,0,0.0,False,False,Monday,Evening,184,0.2391,Spam
promo-45.xyz,96,0,20,False,True,0,False,119,0.299,0.0,13,0.0256,1,0,0.0,0,2,0.0039,False,False,Wednesday,Night,398,0.2387,Spam
deals-57.buzz,34,0,11,False,False,0,False,4,0.0223,0.0,8,0.0362,2,0,0.0,0,0,0.0,False,False,Wednesday,Morning,179,0.1899,Spam
admin-87.top,112,0,18,False,False,0,False,13,0.0275,0.0,16,0.0265,0,0,0.0,0,0,0.0,False,False,Tuesday,Afternoon,473,0.2431,Spam
promo-83.buzz,30,0,18,False,False,0,False,26,0.2364,0.0,19,0.118,0,6,0.0545,0,0,0.0,False,False,Monday,Evening,110,0.2364,Spam
contact-11.info,35,0,21,False,False,0,False,145,1.0,0.0,7,0.037,0,1,0.0069,0,0,0.0,False,False,Monday,Night,145,0.2483,Spam
deals-39.promo-source.com,18,0,11,False,False,0,False,39,0.5652,0.0,6,0.0612,0,5,0.0725,1,0,0.0,False,False,Thursday,Evening,69,0.2609,Spam
admin-54.live,60,0,20,False,False,0,False,24,0.0952,0.0,17,0.0475,0,3,0.0119,0,14,0.0391,False,False,Thursday,Evening,252,0.2619,Spam
deals-62.info,62,0,23,False,False,0,False,65,0.2471,0.0,13,0.0389,0,0,0.0,0,0,0.0,False,True,Monday,Night,263,0.2205,Spam
newsletter-34.special-offer.org,93,0,25,False,False,0,False,14,0.0362,0.0,23,0.0455,1,0,0.0,0,3,0.0059,False,False,Saturday,Afternoon,387,0.2403,Spam
promo-22.daily-newsletter.com,12,0,6,False,False,0,False,2,0.0488,0.0,4,0.0678,0,1,0.0244,0,0,0.0,False,False,Wednesday,Night,41,0.3171,Spam
support-87.special-offer.org,110,0,26,False,False,0,False,13,0.0299,0.0,18,0.0319,1,2,0.0046,0,0,0.0,False,False,Friday,Evening,435,0.2506,Spam
newsletter-26.club,49,0,12,False,False,0,False,5,0.0234,0.0,9,0.0331,0,0,0.0,0,0,0.0,False,False,Monday,Night,214,0.229,Spam
support-25.your-rewards.info,84,0,23,False,False,0,False,9,0.0289,0.0,15,0.0368,2,0,0.0,0,0,0.0,False,False,Friday,Afternoon,311,0.2637,Spam
admin-49.promo-source.com,38,0,12,False,True,0,False,5,0.0296,0.0,8,0.0372,1,0,0.0,0,0,0.0,False,False,Saturday,Evening,169,0.2249,Spam
deals-86.loan,36,0,14,False,False,0,False,20,0.1351,0.0,12,0.0612,0,0,0.0,0,0,0.0,False,False,Thursday,Night,148,0.2432,Spam
promo-69.marketing-deals.net,10,0,10,False,False,0,False,1,0.0208,0.0,1,0.0159,0,0,0.0,0,3,0.0476,False,False,Friday,Afternoon,48,0.2292,Spam
contact-43.link,107,0,21,False,False,0,False,10,0.0222,0.0,26,0.0453,2,0,0.0,0,0,0.0,False,False,Tuesday,Afternoon,450,0.2178,Spam
admin-38.link,32,0,17,False,False,0,False,3,0.0217,0.0,4,0.0229,1,0,0.0,0,0,0.0,False,False,Monday,Night,138,0.2391,Spam
admin-95.click,53,0,19,False,False,0,False,5,0.0215,0.0,6,0.0205,1,0,0.0,0,0,0.0,False,False,Saturday,Morning,233,0.2275,Spam
contact-96.marketing-deals.net,22,0,11,False,False,0,False,9,0.0947,0.0,10,0.0769,0,0,0.0,0,4,0.0308,False,False,Friday,Night,95,0.2211,Spam
contact-19.top,51,0,23,False,True,0,False,7,0.0273,0.0,8,0.0254,1,0,0.0,0,0,0.0,False,False,Sunday,Evening,256,0.1992,Spam
promo-91.info,18,0,9,False,False,0,False,62,1.0,0.0,14,0.1443,4,5,0.0806,0,0,0.0,False,False,Sunday,Morning,62,0.2581,Spam
contact-65.your-rewards.info,100,0,26,False,False,0,False,18,0.0425,0.0,24,0.0436,4,6,0.0142,0,0,0.0,False,False,Wednesday,Morning,424,0.2264,Spam
offers-32.marketing-deals.net,36,0,13,False,False,0,False,4,0.0241,0.0,5,0.024,1,0,0.0,0,0,0.0,False,False,Tuesday,Night,166,0.2229,Spam
support-14.shop,29,0,12,False,False,0,False,3,0.0217,0.0,9,0.0508,1,0,0.0,0,0,0.0,False,False,Wednesday,Night,138,0.2174,Spam
promo-91.online,107,0,22,False,False,0,False,12,0.0258,0.0,31,0.0517,2,0,0.0,3,0,0.0,False,False,Thursday,Evening,465,0.2237,Spam
deals-69.xyz,45,0,14,False,False,0,False,4,0.0231,0.0,8,0.0356,0,0,0.0,0,0,0.0,False,False,Saturday,Afternoon,173,0.2543,Spam
support-74.win,36,0,13,False,False,0,False,3,0.0219,0.0,4,0.0225,0,0,0.0,0,0,0.0,False,False,Thursday,Night,137,0.2701,Spam
support-86.download,108,0,24,False,False,0,False,9,0.0187,0.0,19,0.0315,1,0,0.0,0,0,0.0,False,False,Wednesday,Night,482,0.2137,Spam
